"Job vacancies, payroll employees, job vacancy rate, and average offered hourly wage by industry sub-sector, quarterly, unadjusted for seasonality c 1 2"
"Frequency: Quarterly"
"Table: 14-10-0442-01"
"Release date: 2026-03-17"
"Geography: Canada, Province or territory"
""
""

,"Geography","Newfoundland and Labrador",,,,"Prince Edward Island",,,,"Nova Scotia",,,,"New Brunswick",,,,"Quebec",,,,"Ontario",,,,"Manitoba",,,,"Saskatchewan",,,,"Alberta",,,,"British Columbia",,,,"Yukon",,,,"Northwest Territories",,,,"Nunavut",,,
"North American Industry Classification System (NAICS) 3 4","Statistics","Q1 2019","Q2 2019","Q3 2019","Q4 2019","Q1 2019","Q2 2019","Q3 2019","Q4 2019","Q1 2019","Q2 2019","Q3 2019","Q4 2019","Q1 2019","Q2 2019","Q3 2019","Q4 2019","Q1 2019","Q2 2019","Q3 2019","Q4 2019","Q1 2019","Q2 2019","Q3 2019","Q4 2019","Q1 2019","Q2 2019","Q3 2019","Q4 2019","Q1 2019","Q2 2019","Q3 2019","Q4 2019","Q1 2019","Q2 2019","Q3 2019","Q4 2019","Q1 2019","Q2 2019","Q3 2019","Q4 2019","Q1 2019","Q2 2019","Q3 2019","Q4 2019","Q1 2019","Q2 2019","Q3 2019","Q4 2019","Q1 2019","Q2 2019","Q3 2019","Q4 2019"
"Total, all industries 3",,"Number",,,,,,,,,,,,,,,,,,,,,,,,,,,,,,,,,,,,,,,,,,,,,,,,,,,
,"Job vacancies 5","3,320B","5,000B","4,765B","4,735B","1,625C","2,320C","2,405B","1,855D","9,425A","13,100A","13,460A","11,860A","7,840A","10,100A","10,330A","9,310A","115,125A","141,665A","138,685A","127,795A","194,110A","214,135A","206,885A","192,070A","14,255A","15,875A","16,305A","15,590A","8,890A","11,415A","11,100A","10,420B","49,840A","60,045A","52,915A","45,490A","102,205A","108,345A","106,655A","90,445A","735C","1,175C","1,065C","910D","780C","735C","795B","540C","440B","525C","480B","365C"
,"Payroll employees 4 6","190,210A","194,650A","209,615A","204,155A","58,805A","61,065A","68,115A","66,960A","386,325A","391,560A","408,050A","406,645A","292,675A","298,325A","320,525A","313,625A","3,553,195A","3,602,085A","3,691,945A","3,723,465A","6,250,860A","6,263,840A","6,347,510A","6,423,770A","590,030A","593,055A","600,330A","603,510A","456,045A","458,510A","461,310A","469,465A","1,952,275A","1,949,790A","1,980,735A","1,993,350A","2,217,990A","2,231,385A","2,260,895A","2,284,405A","16,365A","16,805A","18,350A","17,795A","21,575A","21,710A","22,620A","21,625A","11,930A","11,885A","13,075A","14,340A"
,,"Percent",,,,,,,,,,,,,,,,,,,,,,,,,,,,,,,,,,,,,,,,,,,,,,,,,,,
,"Job vacancy rate 7","1.7B","2.5B","2.2B","2.3B","2.7C","3.7C","3.4B","2.7D","2.4A","3.2A","3.2A","2.8A","2.6A","3.3A","3.1A","2.9A","3.1A","3.8A","3.6A","3.3A","3.0A","3.3A","3.2A","2.9A","2.4A","2.6A","2.6A","2.5A","1.9A","2.4A","2.3A","2.2A","2.5A","3.0A","2.6A","2.2A","4.4A","4.6A","4.5A","3.8A","4.3C","6.5C","5.5C","4.9D","3.5C","3.3C","3.4B","2.4C","3.6B","4.2C","3.5B","2.5C"
,,"Dollars",,,,,,,,,,,,,,,,,,,,,,,,,,,,,,,,,,,,,,,,,,,,,,,,,,,
,"Average offered hourly wage 8","22.25A","19.30A","20.55A","20.45A","15.70A","15.05A","15.15A","17.80A","19.55A","18.10A","17.60A","18.55A","17.45A","17.25A","16.55A","17.55A","20.55A","19.85A","20.00A","20.65A","22.55A","22.10A","22.10A","22.70A","20.30A","19.40A","20.00A","20.40A","20.95A","20.25A","20.40A","20.35A","24.35A","23.50A","23.35A","24.15A","21.45A","21.60A","21.30A","21.55A","23.15A","21.05A","20.30A","18.85B","23.70A","24.00A","24.60A","25.20A","29.55A","31.10A","29.10A","30.25B"
"Agriculture, forestry, fishing and hunting  [11]",,"Number",,,,,,,,,,,,,,,,,,,,,,,,,,,,,,,,,,,,,,,,,,,,,,,,,,,
,"Job vacancies 5","F","F","F","F","F","225E","F","F","F","315E","265E","240E","285D","155D","370D","200D","2,010C","2,485B","1,820D","1,965C","5,655B","6,145B","5,140C","3,825C","F","225E","170D","150E","505E","605E","405E","610E","1,250C","1,210D","1,075C","735C","4,605D","4,670D","6,100E","3,845D","F","F","0","F","5E","F","F","F","F","F","F","F"
,"Payroll employees 4 6","1,570A","1,645A","2,510A","2,000A","2,010D","3,635D","4,515D","3,760D","7,380A","8,380A","9,330A","8,105A","6,930A","8,215A","10,885A","9,775A","41,595A","45,935A","62,235A","56,455A","50,440A","57,870A","71,610A","68,000A","12,075A","12,320A","13,830A","14,000A","12,390A","12,300A","13,880A","14,455A","23,400A","22,695A","24,515A","24,560A","36,765A","40,640A","52,045A","45,520A","x","95E","F","F","x","F","75E","F","F","F","F","F"
,,"Percent",,,,,,,,,,,,,,,,,,,,,,,,,,,,,,,,,,,,,,,,,,,,,,,,,,,
,"Job vacancy rate 7","F","F","F","F","F","5.8E","4.3E","F","F","3.6E","2.8E","2.9E","4.0D","1.8D","3.3D","2.0D","4.6C","5.1B","2.8D","3.4B","10.1B","9.6B","6.7B","5.3C","F","1.8E","1.2D","1.1E","3.9E","4.7D","2.8E","4.1E","5.1C","5.1D","4.2C","2.9C","11.1C","10.3C","10.5D","7.8D","x","12.1D","0.0","F","x","F","13.3D","27.0D","..","F","F","F"
,,"Dollars",,,,,,,,,,,,,,,,,,,,,,,,,,,,,,,,,,,,,,,,,,,,,,,,,,,
,"Average offered hourly wage 8","21.55C","F","16.75B","F","12.05A","14.65B","15.45B","15.10B","21.65E","15.00B","14.80A","13.75A","15.30A","17.95A","14.60A","14.70A","14.95A","16.10A","15.90A","15.95A","15.20A","15.70A","15.90A","16.00A","16.20B","17.90B","18.90B","18.25B","19.15B","21.00B","21.60B","20.45B","20.10A","19.65A","19.70A","20.25A","16.00A","16.60A","15.30A","17.05B","F","F","..","F","F","F","F","F","..","..","..",".."
"Mining, quarrying, and oil and gas extraction  [21]",,"Number",,,,,,,,,,,,,,,,,,,,,,,,,,,,,,,,,,,,,,,,,,,,,,,,,,,
,"Job vacancies 5","115D","130E","190C","105D","0","0","0","0","x","x","x","x","F","x","15E","20E","735C","930B","540B","395C","805B","775C","720B","525B","10D","x","x","x","370B","545C","380C","325C","1,625D","2,440D","1,750B","1,650C","915D","975B","805B","395D","x","F","x","0","F","40C","F","F","90C","105B","35D","55D"
,"Payroll employees 4 6","5,390A","5,495B","6,120A","6,195A","F","F","F","F","x","x","x","x","x","865A","1,065A","x","19,550A","19,310A","20,505A","19,230A","26,080A","25,850A","26,205A","26,595A","x","x","x","x","18,110A","18,285A","18,615A","18,015A","101,130A","98,525A","101,215A","101,330A","20,520A","20,735D","20,880A","19,985A","x","x","835D","x","x","2,505E","F","2,875E","x","x","x","2,670E"
,,"Percent",,,,,,,,,,,,,,,,,,,,,,,,,,,,,,,,,,,,,,,,,,,,,,,,,,,
,"Job vacancy rate 7","2.1D","2.3E","3.0C","1.7C","0.0","0.0","0.0","0.0","x","x","x","x","x","x","1.5E","x","3.6B","4.6B","2.6B","2.0C","3.0B","2.9C","2.7B","1.9B","x","x","x","x","2.0B","2.9C","2.0C","1.8C","1.6D","2.4D","1.7B","1.6C","4.3D","4.5B","3.7B","1.9D","x","x","x","x","x","F","F","F","x","x","x","2.1B"
,,"Dollars",,,,,,,,,,,,,,,,,,,,,,,,,,,,,,,,,,,,,,,,,,,,,,,,,,,
,"Average offered hourly wage 8","37.55A","29.10C","38.15A","38.65A","..","..","..","..","x","x","x","x","F","x","F","F","31.95A","31.30A","33.00A","32.85A","32.30A","33.00A","34.45A","33.20A","29.85B","x","x","x","35.65A","33.15B","34.90B","35.70A","37.45A","37.00A","34.25A","34.20A","34.35A","34.80A","36.00A","38.20A","x","F","x","..","F","F","F","F","F","F","F","F"
"Utilities  [22]",,"Number",,,,,,,,,,,,,,,,,,,,,,,,,,,,,,,,,,,,,,,,,,,,,,,,,,,
,"Job vacancies 5","F","35C","40C","35E","x","F","x","F","50D","50D","45B","70C","x","x","x","F","290D","235C","210C","F","860B","1,005B","675C","905B","5D","F","0","0","x","25E","90B","25C","200C","190C","140D","55E","345B","315C","190C","260C","F","x","x","F","F","0","20D","F","25B","30D","F","F"
,"Payroll employees 4 6","2,865E","2,910B","2,965A","2,920B","x","450D","265E","450E","x","x","x","x","2,860A","3,005A","3,145A","x","28,245C","28,390A","29,080D","28,810D","51,505A","52,795A","53,380A","52,520A","x","x","x","x","4,615A","4,640A","4,805A","4,835B","13,815A","13,615A","13,920A","13,815A","11,940A","12,010B","12,175A","12,110B","x","x","240E","F","x","x","375D","F","x","x","x","x"
,,"Percent",,,,,,,,,,,,,,,,,,,,,,,,,,,,,,,,,,,,,,,,,,,,,,,,,,,
,"Job vacancy rate 7","F","1.2C","1.4C","1.2E","x","F","x","0.8D","x","x","x","x","x","x","x","x","1.0D","0.8C","0.7C","F","1.6B","1.9B","1.2C","1.7B","x","x","x","x","x","0.5E","1.9A","0.5C","1.4C","1.4C","1.0D","0.4E","2.8B","2.6B","1.6C","2.1B","x","x","x","F","x","x","4.6C","F","x","x","x","x"
,,"Dollars",,,,,,,,,,,,,,,,,,,,,,,,,,,,,,,,,,,,,,,,,,,,,,,,,,,
,"Average offered hourly wage 8","F","37.80A","37.15A","35.20B","x","F","x","F","38.95A","33.35A","35.15A","34.00A","x","x","x","F","32.10A","31.80A","31.50A","32.15D","34.85A","34.80A","36.40A","46.60A","26.75A","F","..","..","x","F","27.60A","34.70A","35.75B","41.65B","41.25A","35.40A","35.45A","35.50A","41.70A","38.20A","F","x","x","..","F","..","45.20B","..","F","F","F","F"
"Construction  [23]",,"Number",,,,,,,,,,,,,,,,,,,,,,,,,,,,,,,,,,,,,,,,,,,,,,,,,,,
,"Job vacancies 5","F","345E","F","210E","F","F","F","F","465E","650D","890D","800D","260D","510D","590D","475D","5,525B","8,960B","8,970B","7,680C","10,465B","15,885B","13,975B","10,125B","660D","890D","1,195C","580D","465D","710D","530C","F","4,335C","4,560B","4,645C","4,340C","10,705C","10,060C","9,545B","7,585C","F","F","F","F","F","F","F","F","F","0","F","F"
,"Payroll employees 4 6","14,260A","15,310A","18,750A","18,830A","4,230C","3,870C","5,370C","5,120C","23,010A","23,425A","27,120A","26,815A","16,815A","17,690A","21,890A","21,585A","181,140A","194,365A","221,380A","227,400A","339,010A","343,205A","379,170A","380,285A","32,445A","33,020A","38,380A","37,685A","26,000A","26,685A","30,985A","30,060A","168,375A","166,995A","180,455A","181,420A","160,375A","162,410A","170,850A","170,885A","1,395D","1,725D","1,865D","1,590D","1,810D","1,815D","2,010D","2,000D","700D","825D","1,420D","1,390D"
,,"Percent",,,,,,,,,,,,,,,,,,,,,,,,,,,,,,,,,,,,,,,,,,,,,,,,,,,
,"Job vacancy rate 7","F","2.2E","F","1.1E","F","F","F","F","2.0E","2.7D","3.2D","2.9D","1.5D","2.8D","2.6D","2.2D","3.0B","4.4B","3.9B","3.3C","3.0B","4.4B","3.6B","2.6B","2.0D","2.6D","3.0C","1.5D","1.8D","2.6D","1.7C","F","2.5C","2.7B","2.5B","2.3C","6.3C","5.8C","5.3B","4.2B","F","F","F","F","F","F","F","F","F","0.0","3.7E","F"
,,"Dollars",,,,,,,,,,,,,,,,,,,,,,,,,,,,,,,,,,,,,,,,,,,,,,,,,,,
,"Average offered hourly wage 8","22.75B","18.85A","20.45A","23.45B","F","F","16.45B","19.65A","19.95B","19.15A","19.25A","19.20A","17.80A","17.60A","18.40B","18.80A","24.25A","24.35A","25.70A","27.25A","23.75A","23.25A","22.85A","23.30A","19.55A","20.95A","20.25A","21.10B","21.05B","22.50A","22.65A","20.35C","27.45A","27.75A","24.55A","26.55A","24.10A","25.40A","23.95A","25.00A","31.10B","F","F","F","34.65B","F","F","F","F","..","F","F"
"Manufacturing  [31-33]",,"Number",,,,,,,,,,,,,,,,,,,,,,,,,,,,,,,,,,,,,,,,,,,,,,,,,,,
,"Job vacancies 5","65D","150D","85C","80D","250D","360D","400D","265D","815B","905B","940B","830C","1,180C","1,430B","1,375B","1,215C","16,470A","19,390A","19,180A","16,425A","18,405A","17,960A","17,980A","15,240B","890B","970B","1,075C","815B","455C","580B","560B","470C","2,720B","3,540C","2,400B","2,120B","6,345B","5,805B","5,980B","4,690B","F","F","F","F","0","0","F","F","0","F","F","F"
,"Payroll employees 4 6","7,100A","10,355B","12,695A","9,340A","5,460C","4,785D","7,430C","6,655C","29,900A","31,065A","33,845A","32,015A","28,755A","30,215A","34,080A","32,485A","437,480A","445,200A","454,740A","451,340A","688,760A","690,690A","702,950A","689,570A","58,420A","58,245A","58,840A","57,370A","24,600A","24,880A","25,555A","25,470A","124,280A","123,335A","124,845A","124,050A","154,080A","154,325A","158,610A","155,455A","F","430E","F","F","175E","140E","140E","F","145E","F","150E","100E"
,,"Percent",,,,,,,,,,,,,,,,,,,,,,,,,,,,,,,,,,,,,,,,,,,,,,,,,,,
,"Job vacancy rate 7","0.9D","1.5D","0.7C","0.8D","4.3D","7.0D","5.1D","3.8D","2.7B","2.8B","2.7B","2.5C","3.9C","4.5B","3.9B","3.6B","3.6A","4.2A","4.0A","3.5A","2.6A","2.5A","2.5A","2.2A","1.5B","1.6B","1.8C","1.4B","1.8C","2.3B","2.2B","1.8C","2.1B","2.8C","1.9B","1.7B","4.0B","3.6B","3.6B","2.9B","F","6.0E","14.8E","5.8D","0.0","0.0","F","F","0.0","F","14.9E","6.2E"
,,"Dollars",,,,,,,,,,,,,,,,,,,,,,,,,,,,,,,,,,,,,,,,,,,,,,,,,,,
,"Average offered hourly wage 8","27.15B","20.85C","27.25B","26.90C","16.00A","15.80A","14.40A","17.55B","18.80B","18.25A","18.55B","17.55A","15.05A","16.45A","15.20A","15.30A","21.10A","20.60A","20.55A","21.30A","22.60A","22.35A","21.55A","22.60A","22.05A","21.60A","21.20B","22.60A","22.90A","23.40A","23.90A","25.40A","27.05A","26.75A","27.25A","28.65A","22.70A","22.90A","22.45A","23.35A","F","F","F","F","..","..","F","F","..","F","F","F"
"Wholesale trade  [41]",,"Number",,,,,,,,,,,,,,,,,,,,,,,,,,,,,,,,,,,,,,,,,,,,,,,,,,,
,"Job vacancies 5","115D","115D","165E","225D","F","F","F","F","235D","420D","275C","225C","160D","395D","330D","390D","5,060B","5,810A","6,685B","5,595A","9,990A","10,790B","10,995B","8,990B","660C","525D","470D","650D","515C","615C","520D","445C","1,935B","1,970B","2,100B","1,775B","3,425B","4,285B","3,495B","3,590B","F","F","25E","F","F","0","F","0","F","F","F","F"
,"Payroll employees 4 6","6,960A","7,370A","8,135A","7,310A","1,630D","2,300D","2,110D","1,790D","14,075A","14,590A","15,875A","14,095A","9,880A","10,155A","10,825A","10,430A","179,040A","179,445A","183,155A","182,065A","356,065A","353,700A","359,515A","358,255A","25,200A","25,140A","24,860A","24,815A","24,900A","24,765A","24,915A","24,875A","98,530A","98,090A","98,600A","98,695A","99,275A","100,120A","101,465A","100,665A","375E","325E","495D","505E","F","445E","360E","270E","190E","240E","255E","260E"
,,"Percent",,,,,,,,,,,,,,,,,,,,,,,,,,,,,,,,,,,,,,,,,,,,,,,,,,,
,"Job vacancy rate 7","1.7D","1.5D","2.0E","3.0D","F","F","F","F","1.6D","2.8D","1.7C","1.6C","1.6D","3.7D","3.0D","3.6D","2.7B","3.1A","3.5B","3.0A","2.7A","3.0A","3.0B","2.4B","2.5C","2.0D","1.8C","2.6D","2.0C","2.4C","2.0D","1.8C","1.9B","2.0B","2.1B","1.8B","3.3B","4.1B","3.3B","3.4B","F","10.1E","5.1E","F","F","0.0","F","0.0","F","5.3E","4.4E","3.0E"
,,"Dollars",,,,,,,,,,,,,,,,,,,,,,,,,,,,,,,,,,,,,,,,,,,,,,,,,,,
,"Average offered hourly wage 8","22.55B","20.85B","18.40C","18.75B","F","F","21.90D","17.30C","17.95B","17.50C","19.25A","19.00B","19.90B","15.55A","17.15B","17.05B","21.35A","21.40A","20.55A","22.75A","25.60A","25.00A","25.85A","26.20A","21.80B","22.15B","20.75B","19.75B","22.30A","22.75A","22.95A","24.00A","26.95A","25.50A","27.85A","27.65A","24.00A","22.00A","21.85A","21.25A","F","27.20C","30.65D","F","F","..","F","..","F","F","F","F"
"Retail trade  [44-45]",,"Number",,,,,,,,,,,,,,,,,,,,,,,,,,,,,,,,,,,,,,,,,,,,,,,,,,,
,"Job vacancies 5","310D","630D","660D","935D","F","F","410E","130E","880C","1,595C","1,830D","1,665C","780C","1,375B","1,455C","1,165C","10,440B","16,390A","18,430A","17,290A","16,395B","22,585A","24,555B","26,150B","1,115C","1,565C","1,735C","1,600C","1,035C","1,460C","1,845C","1,465C","5,620B","6,650B","6,495B","5,510B","9,735B","11,270B","13,655B","11,555C","130E","140D","145D","120D","110D","95D","145E","75C","20E","F","80E","F"
,"Payroll employees 4 6","29,625A","29,260A","30,515A","30,250A","9,020C","10,975C","11,550C","10,320C","56,785A","56,740A","58,135A","58,520A","44,115A","44,365A","46,205A","45,475A","447,065A","444,060A","450,630A","452,005A","745,935A","726,540A","737,560A","738,770A","69,770A","69,470A","70,775A","70,120A","62,130A","61,545A","62,340A","61,885A","245,875A","242,270A","245,835A","247,665A","286,720A","283,210A","288,075A","287,560A","3,480C","2,860C","2,550C","2,600C","3,460C","3,590C","3,125C","2,765D","1,860D","930E","1,345D","F"
,,"Percent",,,,,,,,,,,,,,,,,,,,,,,,,,,,,,,,,,,,,,,,,,,,,,,,,,,
,"Job vacancy rate 7","1.0D","2.1C","2.1C","3.0D","F","2.7E","3.4D","1.3E","1.5C","2.7C","3.1D","2.8C","1.7C","3.0B","3.0C","2.5C","2.3B","3.6A","3.9A","3.7A","2.2B","3.0A","3.2B","3.4B","1.6C","2.2C","2.4C","2.2C","1.6C","2.3C","2.9C","2.3C","2.2B","2.7B","2.6B","2.2B","3.3B","3.8B","4.5B","3.9C","3.5D","4.6C","5.5D","4.5D","3.1D","2.6D","4.4D","2.7D","1.0E","F","5.8D","F"
,,"Dollars",,,,,,,,,,,,,,,,,,,,,,,,,,,,,,,,,,,,,,,,,,,,,,,,,,,
,"Average offered hourly wage 8","13.50B","13.20B","13.55B","12.40A","13.60B","13.70A","12.50A","13.35A","14.20A","13.45A","13.30A","13.90A","14.55A","12.75A","12.95A","13.15A","14.65A","14.65A","14.80A","14.90A","16.65A","15.80A","15.60A","15.65A","15.85B","14.80B","14.80B","16.30B","14.80A","14.90A","16.10A","15.65B","16.95A","16.95A","17.35A","17.30A","16.00A","15.45A","16.30A","15.50A","18.15C","15.10A","14.90A","15.80A","19.70B","18.40B","17.30B","16.55A","F","F","16.75A","17.75D"
"Transportation and warehousing  [48-49]",,"Number",,,,,,,,,,,,,,,,,,,,,,,,,,,,,,,,,,,,,,,,,,,,,,,,,,,
,"Job vacancies 5","105D","140D","165C","210C","85D","110D","60E","130E","445C","725C","475C","590B","530D","485D","510D","505C","5,620B","5,935B","5,455B","5,745B","7,940B","9,065B","8,905C","7,855C","1,555D","1,455D","1,135C","1,185D","460D","550D","495D","525D","3,830C","4,000C","4,505C","3,580C","8,900C","8,510C","6,950C","6,355C","35E","F","30E","25E","F","F","25E","F","25B","F","F","F"
,"Payroll employees 4 6","9,785A","9,800A","10,000A","10,160A","2,390D","2,720D","2,495D","2,895D","16,950A","16,845A","18,010A","18,555A","16,115A","16,015A","16,850A","16,790A","165,690A","165,195A","166,120A","171,345A","288,430A","282,595A","283,280A","293,240A","34,830A","34,365A","34,740A","34,665A","18,470A","18,600A","18,785A","18,865A","105,370A","104,590A","106,695A","110,170A","114,480A","113,955A","116,810A","118,365A","1,610D","F","1,790D","2,360E","1,365D","1,955D","2,220D","1,780D","1,030D","1,080D","1,905D","1,475D"
,,"Percent",,,,,,,,,,,,,,,,,,,,,,,,,,,,,,,,,,,,,,,,,,,,,,,,,,,
,"Job vacancy rate 7","1.1D","1.4D","1.6C","2.0C","3.5D","3.8D","2.3E","4.3D","2.6C","4.1C","2.6C","3.1B","3.2D","2.9C","2.9D","2.9C","3.3B","3.5B","3.2B","3.2B","2.7B","3.1B","3.0C","2.6B","4.3D","4.1C","3.2C","3.3D","2.4D","2.9D","2.6D","2.7C","3.5B","3.7C","4.1C","3.1C","7.2C","6.9C","5.6C","5.1C","2.2D","F","1.6D","1.0E","F","F","F","F","2.4D","F","F","F"
,,"Dollars",,,,,,,,,,,,,,,,,,,,,,,,,,,,,,,,,,,,,,,,,,,,,,,,,,,
,"Average offered hourly wage 8","22.30B","24.55B","22.40B","20.65A","19.20B","17.85A","17.80B","17.55A","20.25A","17.40A","19.10A","18.60A","19.70A","21.10A","20.95A","22.15B","21.90A","21.10A","20.55A","20.35A","20.60A","20.75A","22.00A","21.25A","21.30A","22.25A","20.35A","21.65A","24.10A","22.55A","22.10A","21.65B","24.85A","28.70A","27.50A","28.35A","23.10A","24.75A","24.65A","23.50A","23.15B","26.50D","24.15B","23.45C","F","F","24.75C","19.20B","F","F","F","F"
"Information and cultural industries  [51]",,"Number",,,,,,,,,,,,,,,,,,,,,,,,,,,,,,,,,,,,,,,,,,,,,,,,,,,
,"Job vacancies 5","F","70E","135E","105E","F","F","F","F","155E","165D","175C","300C","195D","240D","F","180D","3,120B","2,560B","3,655B","2,915B","5,805B","6,170B","6,355B","7,355B","440B","445E","300D","410E","70E","210D","260C","315D","870C","F","585B","730B","2,345B","2,340C","2,620C","2,295B","F","F","F","F","F","F","F","F","0","F","F","F"
,"Payroll employees 4 6","5,140B","4,975A","5,050A","4,970A","525E","625D","715D","480E","7,260A","7,175B","7,235A","7,235A","5,695B","5,680B","5,945B","5,605A","73,715A","74,345A","76,255A","76,260A","152,050A","153,315A","156,940A","156,170A","11,720A","11,455A","11,685A","11,800A","9,450A","9,470A","9,605A","9,435A","27,750A","27,500A","27,870A","27,125A","56,700A","56,535A","57,710A","57,415A","F","F","F","F","415E","430E","440E","460E","130E","F","120E","220E"
,,"Percent",,,,,,,,,,,,,,,,,,,,,,,,,,,,,,,,,,,,,,,,,,,,,,,,,,,
,"Job vacancy rate 7","F","1.4E","2.6E","2.1E","F","F","F","F","2.1D","2.3D","2.3C","4.0C","3.4D","4.1D","3.7E","3.1D","4.1B","3.3B","4.6B","3.7B","3.7B","3.9B","3.9B","4.5B","3.6B","3.7E","2.5D","3.4E","0.7E","2.2D","2.6C","3.2D","3.0C","F","2.1B","2.6B","4.0B","4.0C","4.3C","3.8B","F","F","F","F","F","F","F","F","0.0","8.5D","5.7E","F"
,,"Dollars",,,,,,,,,,,,,,,,,,,,,,,,,,,,,,,,,,,,,,,,,,,,,,,,,,,
,"Average offered hourly wage 8","F","17.70D","21.85D","23.45D","F","F","F","F","23.70B","25.50C","21.45B","18.75B","18.55C","21.05C","17.85D","19.00C","26.70A","25.00A","24.50A","28.55A","29.00B","28.85A","26.35A","27.60A","16.20A","18.70B","18.50B","16.30B","20.00C","20.40A","20.70A","16.50B","27.45B","22.00C","23.45A","24.35B","30.55A","31.90B","30.50B","27.20A","F","F","F","F","F","F","F","F","..","F","F","F"
"Finance and insurance  [52] 9",,"Number",,,,,,,,,,,,,,,,,,,,,,,,,,,,,,,,,,,,,,,,,,,,,,,,,,,
,"Job vacancies 5","135C","130D","85D","85D","F","30C","45D","F","380B","420C","410B","415B","505C","310C","365B","580B","4,925C","4,570B","4,860B","4,505A","9,465A","10,880B","10,320A","9,605A","915B","960D","935C","930B","595C","455B","425B","480D","1,880C","1,770B","1,685B","1,690B","2,530B","2,530B","2,640B","2,805B","x","10D","15D","10E","x","25D","20D","10E","x","30A","20E","0"
,"Payroll employees 4 6","6,835A","6,760A","7,010A","6,975A","1,215C","1,190D","1,240C","1,100C","16,540A","16,600A","16,880A","17,040A","15,230B","15,125A","15,300A","14,850A","149,320A","148,605A","150,940A","149,900A","343,180A","347,095A","350,950A","352,220A","34,845A","34,410A","34,845A","34,765A","20,655A","20,660A","20,795A","20,605A","61,880A","62,185A","63,705A","63,890A","90,305A","89,905A","91,215A","90,465A","x","355D","235D","255D","400C","x","395C","285D","x","x","F","F"
,,"Percent",,,,,,,,,,,,,,,,,,,,,,,,,,,,,,,,,,,,,,,,,,,,,,,,,,,
,"Job vacancy rate 7","1.9C","1.9D","1.2D","1.2D","4.0E","2.5D","3.4D","F","2.2B","2.5C","2.4B","2.4B","3.2B","2.0B","2.3B","3.8B","3.2C","3.0B","3.1B","2.9A","2.7A","3.0B","2.9A","2.7A","2.6B","2.7D","2.6C","2.6B","2.8C","2.2B","2.0B","2.3D","3.0C","2.8B","2.6B","2.6B","2.7B","2.7B","2.8B","3.0B","x","3.1D","6.7D","4.3D","x","x","4.5C","3.2E","x","x","3.0D","0.0"
,,"Dollars",,,,,,,,,,,,,,,,,,,,,,,,,,,,,,,,,,,,,,,,,,,,,,,,,,,
,"Average offered hourly wage 8","22.40B","21.30A","26.05A","22.00B","20.75A","22.85A","21.75B","F","22.55A","22.10A","24.25A","25.25A","22.60A","22.70A","24.40A","21.70A","26.45A","25.50A","25.80A","26.80A","31.10A","32.00A","33.15A","31.75A","25.80A","23.55A","23.90A","27.40A","25.35B","24.80B","26.05A","26.25A","29.00A","29.05A","28.40A","27.35A","25.80A","27.20A","27.25A","25.70A","x","F","20.20A","20.45B","x","22.65A","30.70B","F","x","F","F",".."
"Real estate and rental and leasing  [53]",,"Number",,,,,,,,,,,,,,,,,,,,,,,,,,,,,,,,,,,,,,,,,,,,,,,,,,,
,"Job vacancies 5","x","F","F","15D","F","F","x","F","45E","150E","105E","95E","F","F","F","F","1,760C","2,410B","1,915C","1,975C","2,695B","2,910B","3,810D","2,770B","50E","175D","210E","300D","60E","75D","100E","120E","1,285C","1,100C","950C","705D","1,230C","1,075D","1,590D","1,655D","x","30E","30E","F","x","F","F","F","50E","F","x","40E"
,"Payroll employees 4 6","2,360A","2,310A","2,525A","2,495A","890D","860E","1,050E","660E","5,435A","5,455A","6,240A","6,040A","4,735A","4,715B","4,830B","4,630C","58,345A","58,530A","59,960A","58,700A","118,115A","116,240A","120,220A","116,615A","9,295A","11,340A","11,810A","11,535A","5,885A","5,855A","5,990A","5,915A","43,370A","42,890A","42,890A","42,800A","45,610A","44,555A","46,300A","45,800A","325E","F","385E","365E","645E","580E","655E","F","430D","575E","550E","730D"
,,"Percent",,,,,,,,,,,,,,,,,,,,,,,,,,,,,,,,,,,,,,,,,,,,,,,,,,,
,"Job vacancy rate 7","x","F","F","0.6D","F","F","x","F","0.8E","2.6E","1.7E","1.6E","F","F","F","F","2.9C","4.0B","3.1C","3.3C","2.2B","2.4B","3.1D","2.3B","0.5E","1.5D","1.8D","2.6D","1.0E","1.3D","1.6E","2.0E","2.9C","2.5C","2.2C","1.6D","2.6C","2.4D","3.3D","3.5D","x","F","7.2D","F","x","F","F","F","10.1D","5.3E","x","5.3D"
,,"Dollars",,,,,,,,,,,,,,,,,,,,,,,,,,,,,,,,,,,,,,,,,,,,,,,,,,,
,"Average offered hourly wage 8","x","19.85C","F","F","F","16.60B","x","F","19.15B","19.45B","17.20A","24.00B","16.35A","15.10B","15.50B","16.50B","21.25A","20.60A","21.50A","22.20A","22.30A","21.65A","25.35B","24.15A","21.50C","18.15B","17.20B","17.30B","22.80C","20.75B","25.25C","19.50B","22.50A","23.05B","23.85A","23.20B","21.75A","19.85A","18.65B","19.90B","x","F","F","F","x","F","F","F","35.70B","38.50B","x","37.95A"
"Professional, scientific and technical services  [54]",,"Number",,,,,,,,,,,,,,,,,,,,,,,,,,,,,,,,,,,,,,,,,,,,,,,,,,,
,"Job vacancies 5","215D","175D","175D","260D","F","F","F","165E","955D","575C","965E","620E","485D","475C","470D","380D","10,170A","10,610B","9,490B","9,395B","16,910B","15,310B","13,935A","14,755A","455C","610C","525D","700D","430D","400D","395E","335D","4,150C","4,345C","3,540B","2,900B","7,820B","7,250B","7,155B","6,215B","F","F","F","F","F","F","45E","F","F","F","F","F"
,"Payroll employees 4 6","7,380A","7,320A","7,555A","7,655A","2,365D","2,515D","2,180D","2,795D","16,140A","16,485A","16,920A","16,855A","11,840A","11,985A","12,135A","12,280A","211,900A","214,060A","220,290A","220,880A","416,430A","419,515A","432,800A","432,790A","18,260A","18,445A","18,495A","17,955A","14,560A","14,770A","14,865A","14,510A","118,340A","117,440A","119,305A","119,945A","133,830A","135,355A","138,130A","139,210A","585E","F","1,015D","860E","665D","690E","790D","765D","265D","180E","140E","275E"
,,"Percent",,,,,,,,,,,,,,,,,,,,,,,,,,,,,,,,,,,,,,,,,,,,,,,,,,,
,"Job vacancy rate 7","2.9D","2.4D","2.2D","3.3D","4.4E","F","1.4E","5.6D","5.6D","3.4C","5.4E","3.5E","3.9D","3.8C","3.7C","3.0D","4.6A","4.7A","4.1A","4.1B","3.9B","3.5B","3.1A","3.3A","2.4C","3.2C","2.8C","3.7C","2.9D","2.6D","2.6E","2.3D","3.4C","3.6C","2.9B","2.4B","5.5B","5.1B","4.9B","4.3B","F","F","F","F","F","F","5.5D","F","F","F","13.3E","F"
,,"Dollars",,,,,,,,,,,,,,,,,,,,,,,,,,,,,,,,,,,,,,,,,,,,,,,,,,,
,"Average offered hourly wage 8","30.95B","29.40B","37.10B","29.60B","23.90C","24.80D","21.45D","21.80B","26.35B","28.60A","20.70C","33.15C","23.95B","27.20B","24.10B","24.65B","28.60A","28.45A","29.55A","29.65A","31.45A","30.20A","30.80A","32.85A","25.65A","24.50B","25.90B","25.85B","27.95B","29.35A","24.80D","28.75B","30.55A","30.65A","31.90A","32.95A","30.05B","31.35A","29.75A","29.50A","F","F","29.60C","33.20D","F","F","30.05B","F","F","F","F","F"
"Management of companies and enterprises  [55] 9",,"Number",,,,,,,,,,,,,,,,,,,,,,,,,,,,,,,,,,,,,,,,,,,,,,,,,,,
,"Job vacancies 5","x","F","20E","15D","x","F","F","F","x","x","x","x","x","x","x","F","570C","490B","725C","760C","1,215B","850D","920D","790D","F","F","x","x","x","15E","45B","35B","215D","130E","255E","295D","390C","345C","530C","235C","x","x","x","0","0","F","0","0","x","0","F","F"
,"Payroll employees 4 6","840A","625B","825A","800A","x","F","30E","15E","1,835A","1,890A","1,830A","1,750A","x","880A","885A","F","22,665A","22,375A","23,075A","23,430A","37,170A","37,630A","39,200A","39,140D","5,605A","5,350E","F","F","1,985A","2,005A","2,095A","2,060D","18,935A","19,835B","19,780A","19,675D","15,730B","15,910A","16,905A","17,075A","x","x","F","F","x","x","0","F","x","F","F","F"
,,"Percent",,,,,,,,,,,,,,,,,,,,,,,,,,,,,,,,,,,,,,,,,,,,,,,,,,,
,"Job vacancy rate 7","x","F","2.5E","2.0D","x","F","F","F","x","x","x","x","x","x","x","F","2.5C","2.1B","3.0C","3.1C","3.2B","2.2D","2.3D","2.0D","F","F","x","x","x","0.8E","2.2B","1.7B","1.1D","0.7E","1.3E","1.5D","2.4C","2.1C","3.0C","1.4C","x","x","x","0.0","x","x","..","0.0","x","0.0","F","F"
,,"Dollars",,,,,,,,,,,,,,,,,,,,,,,,,,,,,,,,,,,,,,,,,,,,,,,,,,,
,"Average offered hourly wage 8","x","F","28.45B","25.40C","x","F","F","F","x","x","x","x","x","x","x","F","27.65A","26.50A","23.70B","25.70B","25.65B","28.00B","28.80B","30.55B","22.70B","F","x","x","x","30.60B","38.40A","30.05A","36.75B","34.90B","37.20B","31.55B","28.30B","29.60B","35.25B","31.40B","x","x","x","..","..","F","..","..","x","..","F","F"
"Administrative and support, waste management and remediation services  [56]",,"Number",,,,,,,,,,,,,,,,,,,,,,,,,,,,,,,,,,,,,,,,,,,,,,,,,,,
,"Job vacancies 5","F","130D","160D","60E","125D","145D","210D","60E","630C","795C","780D","680C","530C","655C","725D","435D","9,000B","10,590B","8,325B","8,365B","19,365B","20,555B","18,670B","18,290B","830D","880C","755C","670C","150D","265D","350C","F","3,510B","4,515B","3,120B","2,705C","5,770C","5,980C","5,600C","4,170B","F","F","F","F","F","F","F","F","10E","F","F","0"
,"Payroll employees 4 6","5,665A","5,610A","6,650A","6,555A","2,265D","2,105D","3,170D","3,020D","18,695A","18,450A","19,470A","19,645A","15,195A","15,465A","16,645A","16,090A","165,195A","166,990A","177,755A","178,855A","373,250A","372,120A","391,040A","400,025A","21,800A","21,260A","23,245A","23,205A","12,995A","12,720A","13,500A","13,595A","93,525A","93,690A","99,730A","98,955A","104,810A","107,450A","111,960A","109,935A","500E","555E","F","F","810D","965D","1,225D","1,055D","610D","F","770E","900E"
,,"Percent",,,,,,,,,,,,,,,,,,,,,,,,,,,,,,,,,,,,,,,,,,,,,,,,,,,
,"Job vacancy rate 7","2.4E","2.3D","2.3D","0.9E","5.2D","6.5C","6.2C","2.0E","3.3C","4.1C","3.8D","3.3C","3.4C","4.1B","4.2D","2.6C","5.2B","6.0B","4.5B","4.5A","4.9B","5.2B","4.6B","4.4B","3.7D","4.0C","3.1C","2.8C","1.2D","2.1D","2.5C","F","3.6B","4.6B","3.0B","2.7C","5.2B","5.3B","4.8C","3.7B","F","F","F","F","F","F","F","F","F","F","F","0.0"
,,"Dollars",,,,,,,,,,,,,,,,,,,,,,,,,,,,,,,,,,,,,,,,,,,,,,,,,,,
,"Average offered hourly wage 8","16.55C","14.10A","22.20C","16.55C","13.15A","13.40A","13.35A","13.45A","15.45A","14.50A","14.60B","14.70A","15.05A","13.95A","14.85B","15.10A","17.05A","16.90A","17.10A","18.75A","19.10A","18.85A","18.65A","18.75A","15.35A","15.85A","17.45A","17.20B","22.90B","18.00A","17.80B","19.45B","24.85B","20.55A","23.25A","22.90A","17.90A","19.35A","19.50A","20.00A","F","F","F","F","F","F","F","F","F","F","F",".."
"Educational services  [61]",,"Number",,,,,,,,,,,,,,,,,,,,,,,,,,,,,,,,,,,,,,,,,,,,,,,,,,,
,"Job vacancies 5","160A","105E","F","70D","65A","45B","x","90A","300C","195C","225B","180D","180D","205D","205D","180D","2,355B","2,125A","3,200B","2,660A","6,110A","7,240B","5,560B","5,675A","260B","350C","275B","320B","550A","300B","220B","275B","1,460B","1,555B","1,710B","1,360B","3,580B","3,765B","2,935B","3,540B","F","25E","x","F","10E","0","65E","F","F","F","x","F"
,"Payroll employees 4 6","21,885A","21,680A","19,365A","21,300A","7,640C","7,105D","3,320C","7,935D","42,745A","42,695A","37,210A","42,605A","21,425C","21,180A","18,465A","21,745A","335,275A","347,880A","282,095A","338,020A","538,295A","544,450A","429,165A","535,130A","54,440A","55,290A","42,420A","52,835A","49,185A","49,560A","33,990A","47,735A","159,670A","161,170A","135,505A","154,845A","180,515A","181,870A","141,480A","188,370A","F","F","F","F","1,115D","1,090E","1,120D","2,045E","F","F","F","F"
,,"Percent",,,,,,,,,,,,,,,,,,,,,,,,,,,,,,,,,,,,,,,,,,,,,,,,,,,
,"Job vacancy rate 7","0.7A","0.5E","F","0.3D","0.9D","0.6E","x","1.1E","0.7C","0.5C","0.6B","0.4D","0.8D","0.9D","1.1D","0.8D","0.7B","0.6A","1.1B","0.8A","1.1A","1.3A","1.3A","1.0A","0.5B","0.6C","0.6B","0.6B","1.1A","0.6B","0.6B","0.6B","0.9A","1.0B","1.2B","0.9B","1.9B","2.0B","2.0B","1.8B","3.5D","F","x","2.0E","0.7D","0.0","5.5E","F","7.0D","F","x","F"
,,"Dollars",,,,,,,,,,,,,,,,,,,,,,,,,,,,,,,,,,,,,,,,,,,,,,,,,,,
,"Average offered hourly wage 8","27.15A","21.25B","26.90A","28.60A","F","F","x","30.25A","23.45B","25.35A","23.35A","21.75A","26.65B","26.90B","22.25A","23.60A","24.15A","24.85A","23.35A","25.05A","27.00A","26.75A","26.55A","28.90A","24.35A","26.05A","23.70A","25.40A","24.75A","25.40A","25.15A","24.95A","33.15A","29.20A","28.15A","33.90A","26.45A","26.20A","26.90A","27.55A","F","F","x","F","F","..","30.55B","F","F","F","x","F"
"Health care and social assistance  [62]",,"Number",,,,,,,,,,,,,,,,,,,,,,,,,,,,,,,,,,,,,,,,,,,,,,,,,,,
,"Job vacancies 5","840B","1,110B","895B","1,065B","160E","F","F","125E","2,290B","3,160B","3,160B","3,040B","1,285B","1,485B","1,360B","1,795B","16,395A","20,200A","18,270A","16,550A","24,740A","24,380A","24,625A","24,945A","3,690B","3,510B","4,755B","4,435B","925B","1,110B","1,240B","1,060C","3,670C","4,445C","3,730B","2,880B","9,160B","10,020A","9,380B","9,290B","85E","90E","F","F","F","35E","80E","F","F","F","F","F"
,"Payroll employees 4 6","33,040A","33,435D","34,030A","34,210A","6,960D","5,730E","6,565D","7,635D","67,775A","68,300A","69,355A","69,750A","48,010A","48,405A","50,540A","49,965A","486,545A","492,320A","506,405A","504,200A","734,995A","732,350A","746,185A","746,725A","99,635A","100,180A","100,815A","100,200A","69,170A","68,450A","69,920A","70,195A","213,770A","216,900A","217,970A","219,795A","278,100A","278,870A","284,650A","287,910A","1,870C","1,730C","1,475C","1,415D","2,030D","1,090D","1,350D","1,055D","455D","905D","600E","870E"
,,"Percent",,,,,,,,,,,,,,,,,,,,,,,,,,,,,,,,,,,,,,,,,,,,,,,,,,,
,"Job vacancy rate 7","2.5B","3.2B","2.6B","3.0B","2.3E","2.1E","1.5E","1.6E","3.3B","4.4B","4.4B","4.2B","2.6B","3.0B","2.6B","3.5B","3.3A","3.9A","3.5A","3.2A","3.3A","3.2A","3.2A","3.2A","3.6B","3.4B","4.5A","4.2B","1.3B","1.6B","1.7B","1.5C","1.7C","2.0B","1.7B","1.3B","3.2B","3.5A","3.2B","3.1B","4.4D","4.8D","7.2E","7.6E","2.7D","3.0D","5.7D","F","F","F","F","F"
,,"Dollars",,,,,,,,,,,,,,,,,,,,,,,,,,,,,,,,,,,,,,,,,,,,,,,,,,,
,"Average offered hourly wage 8","26.75A","26.30A","26.90A","28.20A","17.80D","19.85D","21.85D","20.45D","22.10A","21.60A","20.40A","20.80A","19.00A","22.15A","19.85A","20.75A","20.55A","20.85A","20.55A","20.35A","25.10A","25.50A","25.60A","25.65A","23.45A","22.20A","23.20A","23.15A","24.95A","23.40A","23.80A","25.15A","23.05A","23.90A","23.55A","26.05B","24.70A","25.50A","26.10A","25.90A","26.55C","31.05C","25.35B","24.10B","28.15C","26.60C","26.40B","F","F","F","F","F"
"Arts, entertainment and recreation  [71]",,"Number",,,,,,,,,,,,,,,,,,,,,,,,,,,,,,,,,,,,,,,,,,,,,,,,,,,
,"Job vacancies 5","F","330E","65C","25E","F","45E","F","F","125C","290C","180C","90E","80D","270C","100D","75C","2,000C","2,225B","2,170C","2,530C","9,120C","7,265B","4,415B","4,445B","95D","480B","230C","250D","100D","265D","200C","65D","1,065C","1,690B","1,280B","920C","2,645C","3,090B","1,950B","2,590B","F","F","F","F","0","F","0","F","F","F","0","0"
,"Payroll employees 4 6","2,235A","2,205A","3,095A","2,425A","775D","780D","1,710C","995D","4,480A","4,960A","6,500A","5,345A","3,690A","3,925A","5,400A","4,415A","60,510A","61,800A","73,075A","64,955A","104,320A","113,105A","132,970A","124,140A","9,665A","10,420A","12,965A","11,890A","7,975A","8,630A","10,010A","9,140A","35,580A","38,205A","45,710A","39,390A","53,585A","54,820A","56,270A","51,780A","F","340E","505D","x","180E","185E","180D","180E","F","F","F","x"
,,"Percent",,,,,,,,,,,,,,,,,,,,,,,,,,,,,,,,,,,,,,,,,,,,,,,,,,,
,"Job vacancy rate 7","F","13.0D","2.0C","0.9E","F","5.3E","F","F","2.7C","5.6C","2.7C","1.7E","2.1D","6.4C","1.9C","1.7C","3.2C","3.5B","2.9C","3.7B","8.0B","6.0B","3.2B","3.5B","1.0D","4.4B","1.8C","2.1D","1.2D","3.0D","2.0C","0.7D","2.9B","4.2B","2.7B","2.3C","4.7C","5.3B","3.4B","4.8B","F","F","F","x","0.0","F","0.0","F","F","9.0D","0.0","x"
,,"Dollars",,,,,,,,,,,,,,,,,,,,,,,,,,,,,,,,,,,,,,,,,,,,,,,,,,,
,"Average offered hourly wage 8","13.05D","12.05A","13.15A","F","F","13.35A","F","F","13.70A","12.30A","13.30A","14.55B","17.25B","13.75A","15.15A","18.50B","17.25A","15.10A","15.35A","15.75A","16.05A","15.95A","16.70A","16.90A","19.35B","14.20A","16.15A","15.30B","19.10B","14.40A","15.80A","17.50A","20.25A","18.95B","18.40A","18.25A","15.45A","16.00A","17.10A","16.50A","F","F","F","F","..","F","..","F","F","F","..",".."
"Accommodation and food services  [72]",,"Number",,,,,,,,,,,,,,,,,,,,,,,,,,,,,,,,,,,,,,,,,,,,,,,,,,,
,"Job vacancies 5","390D","840C","1,060C","920D","F","690E","430E","115E","1,080C","1,890C","2,005B","1,555B","1,025C","1,565C","1,715C","1,325C","10,635B","16,285A","16,055A","13,815B","17,920A","22,680A","23,070B","18,555B","1,135D","1,845C","1,285C","1,410C","1,450C","1,815B","1,845B","1,605C","6,405C","10,405B","9,055B","7,780B","15,830B","19,185B","19,565B","14,300B","F","F","325E","230D","F","190E","145D","85E","55E","F","55E","F"
,"Payroll employees 4 6","14,950A","15,315A","17,735A","16,980A","7,770D","8,950D","11,260C","8,560C","30,160A","31,285A","35,305A","34,185A","22,785A","23,025A","26,020A","24,575A","260,070A","262,260A","285,855A","281,545A","485,165A","490,190A","515,960A","505,165A","42,870A","43,355A","45,775A","45,140A","35,925A","36,505A","39,280A","38,235A","164,145A","164,180A","169,040A","167,200A","232,605A","234,155A","246,300A","237,955A","1,000D","1,360D","2,680D","2,445D","2,395D","2,200D","2,325D","2,135D","720D","970E","700E","560E"
,,"Percent",,,,,,,,,,,,,,,,,,,,,,,,,,,,,,,,,,,,,,,,,,,,,,,,,,,
,"Job vacancy rate 7","2.5D","5.2C","5.6C","5.1D","F","7.1D","3.7D","1.3E","3.5C","5.7B","5.4B","4.4B","4.3C","6.4C","6.2C","5.1B","3.9B","5.8A","5.3A","4.7B","3.6A","4.4A","4.3B","3.5B","2.6D","4.1C","2.7C","3.0C","3.9C","4.7B","4.5B","4.0C","3.8C","6.0B","5.1B","4.4B","6.4B","7.6B","7.4B","5.7B","9.0E","16.3E","10.8D","8.6D","9.3D","7.9E","5.8D","3.9D","6.8E","F","7.4E","3.7D"
,,"Dollars",,,,,,,,,,,,,,,,,,,,,,,,,,,,,,,,,,,,,,,,,,,,,,,,,,,
,"Average offered hourly wage 8","12.30A","13.00A","12.60A","12.75A","12.00A","12.55A","12.70A","13.10A","11.90A","12.65A","12.55A","12.50A","12.15A","12.40A","12.15A","12.65A","12.80A","13.25A","13.45A","13.60A","14.75A","14.60A","14.55A","14.85A","12.65A","12.10A","12.70A","12.60A","12.65A","12.70A","12.85A","13.10A","15.55A","15.60A","15.80A","15.65A","14.45A","14.70A","14.95A","15.10A","13.90A","15.10B","14.90A","15.05A","15.85A","16.60A","16.00A","16.30A","16.15A","23.05C","22.60C","F"
"Other services (except public administration)  [81] 10",,"Number",,,,,,,,,,,,,,,,,,,,,,,,,,,,,,,,,,,,,,,,,,,,,,,,,,,
,"Job vacancies 5","F","370E","F","F","F","F","F","F","305D","595D","615D","355D","205D","255D","335D","255D","6,010B","7,570B","7,185B","6,990B","6,745B","8,485B","9,370B","7,520B","675D","585C","905D","830D","285D","855D","815D","800D","2,080C","2,630C","2,580C","2,275C","3,925C","4,740B","4,475B","3,705C","F","F","F","F","F","F","F","60E","F","F","F","F"
,"Payroll employees 4 6","6,325A","6,335A","7,105A","6,655A","2,655D","1,890D","2,635D","2,190D","12,210A","11,975A","12,830A","12,645A","8,865A","9,090A","9,625A","9,235A","125,345A","126,325A","131,005A","129,900A","200,720A","200,670A","204,045A","203,460A","21,365A","20,800A","21,035A","20,965A","16,385A","16,725A","17,310A","17,125A","74,595A","75,440A","78,040A","76,800A","77,950A","79,920A","80,680A","80,430A","600D","1,025D","520D","805D","1,180D","840D","925D","945D","360E","330E","280E","205E"
,,"Percent",,,,,,,,,,,,,,,,,,,,,,,,,,,,,,,,,,,,,,,,,,,,,,,,,,,
,"Job vacancy rate 7","F","5.5D","F","F","F","F","F","F","2.4D","4.7D","4.6D","2.7D","2.3D","2.7D","3.4D","2.7D","4.6B","5.7B","5.2B","5.1B","3.2B","4.1B","4.4B","3.6B","3.1D","2.7C","4.1D","3.8D","1.7D","4.9D","4.5D","4.5D","2.7C","3.4B","3.2C","2.9C","4.8B","5.6B","5.3B","4.4B","F","F","F","F","5.2E","7.9E","F","6.0E","7.6E","9.1E","F","F"
,,"Dollars",,,,,,,,,,,,,,,,,,,,,,,,,,,,,,,,,,,,,,,,,,,,,,,,,,,
,"Average offered hourly wage 8","16.60C","15.90B","15.75B","17.30B","F","15.30B","19.65B","F","17.75B","18.40B","17.80B","17.35B","17.65B","15.05A","16.05A","17.70B","19.05A","17.30A","18.40A","19.20A","20.65A","19.85A","20.60A","20.70A","16.70B","16.30A","16.60A","15.45B","19.50C","16.90B","20.40B","16.75B","24.55B","23.85A","21.10A","22.30B","19.00A","18.60A","20.15A","20.45A","20.50D","22.95D","F","14.10E","25.65D","26.75B","21.75C","30.25C","36.45A","F","F","F"
"Public administration  [91] 11",,"Number",,,,,,,,,,,,,,,,,,,,,,,,,,,,,,,,,,,,,,,,,,,,,,,,,,,
,"Job vacancies 5","55E","95D","130B","125D","x","F","0","F","120B","155C","80B","85C","x","170C","100B","60B","2,045A","1,895A","1,550A","1,920A","3,505A","3,205B","2,885A","3,755B","230B","315B","280A","275B","435C","560B","370C","525B","1,730B","1,860A","1,300B","1,485B","2,005B","2,130A","1,485B","1,370B","45D","100D","45C","F","65D","75D","75D","75E","20D","F","25E","40D"
,"Payroll employees 4 6","6,000A","5,945A","6,975B","6,130A","485D","515D","F","535D","10,890A","11,140A","11,725A","11,260A","8,125A","8,330A","9,795A","8,710A","104,510B","104,690A","117,390A","108,165A","200,935A","203,925A","214,365A","204,950A","19,775A","20,220A","22,180A","21,035A","20,650A","21,465B","24,075A","22,455B","59,940A","60,245A","65,115A","61,225A","64,100A","64,625A","68,380A","67,520A","1,670C","1,505D","1,800D","F","2,485C","2,660C","2,585C","2,115D","1,790C","1,890C","2,070D","2,420D"
,,"Percent",,,,,,,,,,,,,,,,,,,,,,,,,,,,,,,,,,,,,,,,,,,,,,,,,,,
,"Job vacancy rate 7","0.9E","1.6D","1.8B","2.0D","x","F","0.0","F","1.1B","1.4C","0.7B","0.7B","x","2.0C","1.0B","0.7B","1.9A","1.8A","1.3A","1.7A","1.7A","1.5B","1.3A","1.8A","1.2B","1.5A","1.2A","1.3A","2.1C","2.5B","1.5C","2.3B","2.8B","3.0A","2.0B","2.4B","3.0B","3.2A","2.1B","2.0B","2.6C","6.3D","2.4D","F","2.5D","2.8D","2.9C","3.5D","1.2D","F","1.3E","1.6D"
,,"Dollars",,,,,,,,,,,,,,,,,,,,,,,,,,,,,,,,,,,,,,,,,,,,,,,,,,,
,"Average offered hourly wage 8","25.05C","26.10B","26.40A","24.35A","x","F","..","F","23.30A","19.50A","29.75A","25.60A","x","18.10A","23.60A","28.05A","23.55A","26.40A","28.30A","28.65A","24.70A","28.90A","27.40A","28.30A","19.55A","20.50A","20.65A","20.30A","19.70A","23.35A","22.85A","21.70A","28.90A","28.20A","29.30A","30.30A","26.80A","27.20A","29.00A","29.50A","30.70A","26.70A","31.85A","28.30D","34.65A","34.90B","35.40A","31.75B","29.70B","28.45C","36.25B","38.55C"

Symbol legend:
.., not available for a specific reference period
x, suppressed to meet the confidentiality requirements of the Statistics Act
E, use with caution
F, too unreliable to be published
A, data quality: excellent
B, data quality: very good
C, data quality: good
D, data quality: acceptable


"Table Corrections:"
Date,Note
"","On April 12, 2024, average offered hourly wage estimates have been corrected for the Q4 2023 reference period."



Footnotes:
1,"Data quality indicators are based on the coefficient of variation (CV), the non-response errors, the imputation errors, and subject matter expertise: A – Excellent; B - Very good; C - Good; D – Acceptable; E - Use with caution; F - Too unreliable to publish."
2,"Data for the second and third quarters of 2020 are unavailable due to some Statistics Canada operations being temporarily suspended during the COVID-19 pandemic."
3,"Industry estimates are based on the <a href="https://www.statcan.gc.ca/en/subjects/standard/naics/2022/v1/index" rel="external noopener noreferrer" target="_blank">2022 North American Industry Classification System (NAICS) Version 1.0 (opens new window)</a>. The following categories are excluded from the survey: 'Religious organizations' (8131) within 'Religious, grant-making, civic, and professional and similar organizations' (813), 'Private households' (814), 'Federal, government public administration' (911), 'Provincial and territorial public administration' (912) and 'International and other extra-territorial public administration' (919)."
4,"The employment estimates from the Job Vacancy and Wage Survey (JVWS) are calibrated to the employment estimates from the <a href="http://www23.statcan.gc.ca/imdb/p2SV.pl?Function=getSurvey&SDDS=2612" rel="external noopener noreferrer" target="_blank">Survey of Employment, Payrolls and Hours (opens new window)</a> (SEPH) at the North American Industry Classification System sector (NAICS2) level by province. For this reason, JVWS employment may vary from SEPH at the subsector (NAICS3) level."
9,"Due to the reduced sample size in the first quarter of 2015, the Finance and insurance (52) and Management of companies and enterprises (55) sectors were calibrated to a combined total from the <a href="http://www23.statcan.gc.ca/imdb/p2SV.pl?Function=getSurvey&SDDS=2612" rel="external noopener noreferrer" target="_blank">Survey of Employment, Payrolls and Hours (opens new window)</a>, for the first quarter of 2015 only."
10,"Excludes 'Religious organizations' (8131) within 'Religious, grant-making, civic, and professional and similar organizations' (813) as well as 'Private households' (814)."
11,"Excludes 'Federal, government public administration' (911), 'Provincial and territorial public administration' (912) and 'International and other extra-territorial public administration' (919)."
5,"A job is vacant if it meets the following conditions: it is vacant on the reference date (first day of the month) or will become vacant during the month; there are tasks to be carried out during the month for the job in question; and the employer is actively seeking a worker outside the organization to fill the job. The jobs could be full-time, part-time, permanent, temporary, casual, or seasonal. Jobs reserved for subcontractors, external consultants, or other workers who are not considered employees, are excluded."
6,"The 'employee' concept used in the Job Vacancy and Wage Survey (JVWS) is comprised of full-time employees, part-time employees, as well as permanent, casual, temporary, and seasonal employees. It also includes working owners, directors, partners, and other officers of incorporated businesses, as well as employees who work at home or on the road but report to the location. The ‘employee' concept used in the JVWS is meant to exclude owners or partners of unincorporated businesses and professional practices, the self-employed, subcontractors, external consultants, unpaid family workers, persons working outside Canada, and military personnel. It also excludes employees on unpaid leave, such as those on extended sick leave who are receiving insurance benefits."
7,"The job vacancy rate is the number of job vacancies expressed as a percentage of labour demand; that is, all occupied and vacant jobs."
8,"The average hourly wage offered by employers for vacant positions. It excludes overtime, tips, commissions and bonuses. Salaries are converted to hourly wages based on information regarding the frequency of pay and the expected average number of hours worked per week. The offered wage may be different from the actual wage paid once the position is filled. If the salary is different among the job vacancies for the same occupation, the respondent is asked to report the lowest wage or salary. When the compensation advertised for the job vacancy is in the form of a salary range or an hourly pay range, the respondent is asked to report the lowest value of the range. If the work will be paid based on, for example, the number of parts produced, mileage or the number of times a task is performed, the respondent is asked to report the expected minimum salary."



"How to cite: Statistics Canada. Table 14-10-0442-01  Job vacancies, payroll employees, job vacancy rate, and average offered hourly wage by industry sub-sector, quarterly, unadjusted for seasonality"
https://www150.statcan.gc.ca/t1/tbl1/en/tv.action?pid=1410044201